umgebung,merkmal,wert_von,wert_bis,beitrag_mittel,zeilen
low,avg_latency_ms,5.9,23.91,-0.7522,36
low,avg_latency_ms,23.96,34.85,-0.6761,35
low,avg_latency_ms,35.05,49.82,0.1516,35
low,avg_latency_ms,50.03,1604.19,0.723,35
low,avg_latency_ms,1617.9,11996.58,0.905,36
low,p95_latency_ms,7.0,130.0,0.8241,36
low,p95_latency_ms,140.0,180.0,-0.4997,37
low,p95_latency_ms,190.0,260.0,-1.0181,35
low,p95_latency_ms,270.0,2900.0,-0.2941,34
low,p95_latency_ms,3100.0,19000.0,1.0286,35
low,requests_per_sec,0.4,4.69,-0.3576,36
low,requests_per_sec,4.7,35.33,1.2023,35
low,requests_per_sec,35.36,37.92,0.3821,35
low,requests_per_sec,38.07,40.2,-0.5718,35
low,requests_per_sec,40.3,109.22,0.1491,36
medium,avg_latency_ms,5.3,72.56,-0.44,36
medium,avg_latency_ms,73.61,152.8,-0.5415,35
medium,avg_latency_ms,153.83,276.08,0.0359,35
medium,avg_latency_ms,281.09,4818.26,0.7192,35
medium,avg_latency_ms,4824.77,27197.21,0.6299,36
medium,p95_latency_ms,7.0,340.0,-0.015,36
medium,p95_latency_ms,350.0,490.0,-0.4674,36
medium,p95_latency_ms,500.0,670.0,-0.9727,35
medium,p95_latency_ms,680.0,7000.0,0.5094,34
medium,p95_latency_ms,7400.0,46000.0,0.9246,36
medium,requests_per_sec,0.35,4.25,0.5805,36
medium,requests_per_sec,4.29,51.02,0.7242,35
medium,requests_per_sec,51.3,70.8,1.1195,35
medium,requests_per_sec,71.02,85.5,-0.623,35
medium,requests_per_sec,85.64,110.03,-1.1398,36
high,avg_latency_ms,9.1,216.51,-0.6801,36
high,avg_latency_ms,217.75,295.66,0.1987,35
high,avg_latency_ms,296.88,496.03,-0.0126,35
high,avg_latency_ms,542.67,8125.56,0.075,35
high,avg_latency_ms,8194.55,36874.94,0.5143,36
high,p95_latency_ms,17.0,410.0,-0.5499,36
high,p95_latency_ms,420.0,500.0,0.3444,36
high,p95_latency_ms,510.0,800.0,-0.636,34
high,p95_latency_ms,820.0,17000.0,1.1761,36
high,p95_latency_ms,18000.0,68000.0,-0.134,35
high,requests_per_sec,0.73,3.96,1.8978,36
high,requests_per_sec,3.97,50.49,0.4253,35
high,requests_per_sec,53.45,75.31,0.4558,35
high,requests_per_sec,75.9,105.74,-0.7867,35
high,requests_per_sec,106.87,215.39,-1.3035,36
extreme,avg_latency_ms,11.45,230.44,-0.8379,36
extreme,avg_latency_ms,232.72,308.83,0.2159,35
extreme,avg_latency_ms,312.92,777.08,0.0553,35
extreme,avg_latency_ms,862.81,10033.17,-0.1213,35
extreme,avg_latency_ms,10055.86,44660.62,0.6482,36
extreme,p95_latency_ms,22.0,380.0,-0.6375,38
extreme,p95_latency_ms,390.0,460.0,-0.1266,35
extreme,p95_latency_ms,470.0,730.0,-0.2769,34
extreme,p95_latency_ms,890.0,22000.0,1.0857,35
extreme,p95_latency_ms,23000.0,79000.0,-0.0123,35
extreme,requests_per_sec,0.34,4.33,2.3218,36
extreme,requests_per_sec,4.34,44.72,1.0002,35
extreme,requests_per_sec,46.76,93.09,-0.1772,35
extreme,requests_per_sec,93.93,124.21,-1.206,35
extreme,requests_per_sec,128.15,234.94,-1.0738,36
prod,avg_latency_ms,9.03,68.75,-0.4022,36
prod,avg_latency_ms,69.09,122.68,-0.6022,35
prod,avg_latency_ms,125.84,238.48,-0.1756,35
prod,avg_latency_ms,245.87,4808.53,0.7293,35
prod,avg_latency_ms,4816.36,30733.97,0.5568,36
prod,p95_latency_ms,11.0,330.0,0.1778,37
prod,p95_latency_ms,340.0,460.0,-0.6142,37
prod,p95_latency_ms,470.0,560.0,-0.4854,32
prod,p95_latency_ms,570.0,7200.0,0.2519,37
prod,p95_latency_ms,7300.0,50000.0,0.8597,34
prod,requests_per_sec,0.52,4.33,1.0468,37
prod,requests_per_sec,4.36,55.58,1.2063,34
prod,requests_per_sec,56.51,74.86,0.4366,35
prod,requests_per_sec,74.93,87.23,-0.5563,35
prod,requests_per_sec,87.73,113.01,-1.1772,36
